,imgs,masks
0,/storage/workspaces/artorg_aimi/ws_00000/Negin/RETOUCH/img_dataset2/RETOUCH-TrainingSet-Topcon/imgs_IRF/TRAIN051_77.png,/storage/workspaces/artorg_aimi/ws_00000/Negin/RETOUCH/img_dataset2/RETOUCH-TrainingSet-Topcon/IRF/TRAIN051_77.png
1,/storage/workspaces/artorg_aimi/ws_00000/Negin/RETOUCH/img_dataset2/RETOUCH-TrainingSet-Topcon/imgs_IRF/TRAIN050_62.png,/storage/workspaces/artorg_aimi/ws_00000/Negin/RETOUCH/img_dataset2/RETOUCH-TrainingSet-Topcon/IRF/TRAIN050_62.png
2,/storage/workspaces/artorg_aimi/ws_00000/Negin/RETOUCH/img_dataset2/RETOUCH-TrainingSet-Topcon/imgs_IRF/TRAIN051_66.png,/storage/workspaces/artorg_aimi/ws_00000/Negin/RETOUCH/img_dataset2/RETOUCH-TrainingSet-Topcon/IRF/TRAIN051_66.png
3,/storage/workspaces/artorg_aimi/ws_00000/Negin/RETOUCH/img_dataset2/RETOUCH-TrainingSet-Topcon/imgs_IRF/TRAIN050_75.png,/storage/workspaces/artorg_aimi/ws_00000/Negin/RETOUCH/img_dataset2/RETOUCH-TrainingSet-Topcon/IRF/TRAIN050_75.png
4,/storage/workspaces/artorg_aimi/ws_00000/Negin/RETOUCH/img_dataset2/RETOUCH-TrainingSet-Topcon/imgs_IRF/TRAIN051_75.png,/storage/workspaces/artorg_aimi/ws_00000/Negin/RETOUCH/img_dataset2/RETOUCH-TrainingSet-Topcon/IRF/TRAIN051_75.png
5,/storage/workspaces/artorg_aimi/ws_00000/Negin/RETOUCH/img_dataset2/RETOUCH-TrainingSet-Topcon/imgs_IRF/TRAIN052_65.png,/storage/workspaces/artorg_aimi/ws_00000/Negin/RETOUCH/img_dataset2/RETOUCH-TrainingSet-Topcon/IRF/TRAIN052_65.png
6,/storage/workspaces/artorg_aimi/ws_00000/Negin/RETOUCH/img_dataset2/RETOUCH-TrainingSet-Topcon/imgs_IRF/TRAIN052_89.png,/storage/workspaces/artorg_aimi/ws_00000/Negin/RETOUCH/img_dataset2/RETOUCH-TrainingSet-Topcon/IRF/TRAIN052_89.png
7,/storage/workspaces/artorg_aimi/ws_00000/Negin/RETOUCH/img_dataset2/RETOUCH-TrainingSet-Topcon/imgs_IRF/TRAIN050_63.png,/storage/workspaces/artorg_aimi/ws_00000/Negin/RETOUCH/img_dataset2/RETOUCH-TrainingSet-Topcon/IRF/TRAIN050_63.png
8,/storage/workspaces/artorg_aimi/ws_00000/Negin/RETOUCH/img_dataset2/RETOUCH-TrainingSet-Topcon/imgs_IRF/TRAIN051_65.png,/storage/workspaces/artorg_aimi/ws_00000/Negin/RETOUCH/img_dataset2/RETOUCH-TrainingSet-Topcon/IRF/TRAIN051_65.png
9,/storage/workspaces/artorg_aimi/ws_00000/Negin/RETOUCH/img_dataset2/RETOUCH-TrainingSet-Topcon/imgs_IRF/TRAIN051_68.png,/storage/workspaces/artorg_aimi/ws_00000/Negin/RETOUCH/img_dataset2/RETOUCH-TrainingSet-Topcon/IRF/TRAIN051_68.png
10,/storage/workspaces/artorg_aimi/ws_00000/Negin/RETOUCH/img_dataset2/RETOUCH-TrainingSet-Topcon/imgs_IRF/TRAIN052_106.png,/storage/workspaces/artorg_aimi/ws_00000/Negin/RETOUCH/img_dataset2/RETOUCH-TrainingSet-Topcon/IRF/TRAIN052_106.png
11,/storage/workspaces/artorg_aimi/ws_00000/Negin/RETOUCH/img_dataset2/RETOUCH-TrainingSet-Topcon/imgs_IRF/TRAIN051_91.png,/storage/workspaces/artorg_aimi/ws_00000/Negin/RETOUCH/img_dataset2/RETOUCH-TrainingSet-Topcon/IRF/TRAIN051_91.png
12,/storage/workspaces/artorg_aimi/ws_00000/Negin/RETOUCH/img_dataset2/RETOUCH-TrainingSet-Topcon/imgs_IRF/TRAIN052_88.png,/storage/workspaces/artorg_aimi/ws_00000/Negin/RETOUCH/img_dataset2/RETOUCH-TrainingSet-Topcon/IRF/TRAIN052_88.png
13,/storage/workspaces/artorg_aimi/ws_00000/Negin/RETOUCH/img_dataset2/RETOUCH-TrainingSet-Topcon/imgs_IRF/TRAIN052_73.png,/storage/workspaces/artorg_aimi/ws_00000/Negin/RETOUCH/img_dataset2/RETOUCH-TrainingSet-Topcon/IRF/TRAIN052_73.png
14,/storage/workspaces/artorg_aimi/ws_00000/Negin/RETOUCH/img_dataset2/RETOUCH-TrainingSet-Topcon/imgs_IRF/TRAIN051_54.png,/storage/workspaces/artorg_aimi/ws_00000/Negin/RETOUCH/img_dataset2/RETOUCH-TrainingSet-Topcon/IRF/TRAIN051_54.png
15,/storage/workspaces/artorg_aimi/ws_00000/Negin/RETOUCH/img_dataset2/RETOUCH-TrainingSet-Topcon/imgs_IRF/TRAIN052_76.png,/storage/workspaces/artorg_aimi/ws_00000/Negin/RETOUCH/img_dataset2/RETOUCH-TrainingSet-Topcon/IRF/TRAIN052_76.png
16,/storage/workspaces/artorg_aimi/ws_00000/Negin/RETOUCH/img_dataset2/RETOUCH-TrainingSet-Topcon/imgs_IRF/TRAIN051_62.png,/storage/workspaces/artorg_aimi/ws_00000/Negin/RETOUCH/img_dataset2/RETOUCH-TrainingSet-Topcon/IRF/TRAIN051_62.png
17,/storage/workspaces/artorg_aimi/ws_00000/Negin/RETOUCH/img_dataset2/RETOUCH-TrainingSet-Topcon/imgs_IRF/TRAIN051_63.png,/storage/workspaces/artorg_aimi/ws_00000/Negin/RETOUCH/img_dataset2/RETOUCH-TrainingSet-Topcon/IRF/TRAIN051_63.png
18,/storage/workspaces/artorg_aimi/ws_00000/Negin/RETOUCH/img_dataset2/RETOUCH-TrainingSet-Topcon/imgs_IRF/TRAIN052_79.png,/storage/workspaces/artorg_aimi/ws_00000/Negin/RETOUCH/img_dataset2/RETOUCH-TrainingSet-Topcon/IRF/TRAIN052_79.png
19,/storage/workspaces/artorg_aimi/ws_00000/Negin/RETOUCH/img_dataset2/RETOUCH-TrainingSet-Topcon/imgs_IRF/TRAIN050_64.png,/storage/workspaces/artorg_aimi/ws_00000/Negin/RETOUCH/img_dataset2/RETOUCH-TrainingSet-Topcon/IRF/TRAIN050_64.png
20,/storage/workspaces/artorg_aimi/ws_00000/Negin/RETOUCH/img_dataset2/RETOUCH-TrainingSet-Topcon/imgs_IRF/TRAIN051_53.png,/storage/workspaces/artorg_aimi/ws_00000/Negin/RETOUCH/img_dataset2/RETOUCH-TrainingSet-Topcon/IRF/TRAIN051_53.png
21,/storage/workspaces/artorg_aimi/ws_00000/Negin/RETOUCH/img_dataset2/RETOUCH-TrainingSet-Topcon/imgs_IRF/TRAIN050_76.png,/storage/workspaces/artorg_aimi/ws_00000/Negin/RETOUCH/img_dataset2/RETOUCH-TrainingSet-Topcon/IRF/TRAIN050_76.png
22,/storage/workspaces/artorg_aimi/ws_00000/Negin/RETOUCH/img_dataset2/RETOUCH-TrainingSet-Topcon/imgs_IRF/TRAIN052_84.png,/storage/workspaces/artorg_aimi/ws_00000/Negin/RETOUCH/img_dataset2/RETOUCH-TrainingSet-Topcon/IRF/TRAIN052_84.png
23,/storage/workspaces/artorg_aimi/ws_00000/Negin/RETOUCH/img_dataset2/RETOUCH-TrainingSet-Topcon/imgs_IRF/TRAIN050_74.png,/storage/workspaces/artorg_aimi/ws_00000/Negin/RETOUCH/img_dataset2/RETOUCH-TrainingSet-Topcon/IRF/TRAIN050_74.png
24,/storage/workspaces/artorg_aimi/ws_00000/Negin/RETOUCH/img_dataset2/RETOUCH-TrainingSet-Topcon/imgs_IRF/TRAIN051_90.png,/storage/workspaces/artorg_aimi/ws_00000/Negin/RETOUCH/img_dataset2/RETOUCH-TrainingSet-Topcon/IRF/TRAIN051_90.png
25,/storage/workspaces/artorg_aimi/ws_00000/Negin/RETOUCH/img_dataset2/RETOUCH-TrainingSet-Topcon/imgs_IRF/TRAIN051_51.png,/storage/workspaces/artorg_aimi/ws_00000/Negin/RETOUCH/img_dataset2/RETOUCH-TrainingSet-Topcon/IRF/TRAIN051_51.png
26,/storage/workspaces/artorg_aimi/ws_00000/Negin/RETOUCH/img_dataset2/RETOUCH-TrainingSet-Topcon/imgs_IRF/TRAIN051_44.png,/storage/workspaces/artorg_aimi/ws_00000/Negin/RETOUCH/img_dataset2/RETOUCH-TrainingSet-Topcon/IRF/TRAIN051_44.png
27,/storage/workspaces/artorg_aimi/ws_00000/Negin/RETOUCH/img_dataset2/RETOUCH-TrainingSet-Topcon/imgs_IRF/TRAIN050_68.png,/storage/workspaces/artorg_aimi/ws_00000/Negin/RETOUCH/img_dataset2/RETOUCH-TrainingSet-Topcon/IRF/TRAIN050_68.png
28,/storage/workspaces/artorg_aimi/ws_00000/Negin/RETOUCH/img_dataset2/RETOUCH-TrainingSet-Topcon/imgs_IRF/TRAIN051_49.png,/storage/workspaces/artorg_aimi/ws_00000/Negin/RETOUCH/img_dataset2/RETOUCH-TrainingSet-Topcon/IRF/TRAIN051_49.png
29,/storage/workspaces/artorg_aimi/ws_00000/Negin/RETOUCH/img_dataset2/RETOUCH-TrainingSet-Topcon/imgs_IRF/TRAIN051_64.png,/storage/workspaces/artorg_aimi/ws_00000/Negin/RETOUCH/img_dataset2/RETOUCH-TrainingSet-Topcon/IRF/TRAIN051_64.png
30,/storage/workspaces/artorg_aimi/ws_00000/Negin/RETOUCH/img_dataset2/RETOUCH-TrainingSet-Topcon/imgs_IRF/TRAIN051_67.png,/storage/workspaces/artorg_aimi/ws_00000/Negin/RETOUCH/img_dataset2/RETOUCH-TrainingSet-Topcon/IRF/TRAIN051_67.png
31,/storage/workspaces/artorg_aimi/ws_00000/Negin/RETOUCH/img_dataset2/RETOUCH-TrainingSet-Topcon/imgs_IRF/TRAIN050_44.png,/storage/workspaces/artorg_aimi/ws_00000/Negin/RETOUCH/img_dataset2/RETOUCH-TrainingSet-Topcon/IRF/TRAIN050_44.png
32,/storage/workspaces/artorg_aimi/ws_00000/Negin/RETOUCH/img_dataset2/RETOUCH-TrainingSet-Topcon/imgs_IRF/TRAIN050_54.png,/storage/workspaces/artorg_aimi/ws_00000/Negin/RETOUCH/img_dataset2/RETOUCH-TrainingSet-Topcon/IRF/TRAIN050_54.png
33,/storage/workspaces/artorg_aimi/ws_00000/Negin/RETOUCH/img_dataset2/RETOUCH-TrainingSet-Topcon/imgs_IRF/TRAIN050_56.png,/storage/workspaces/artorg_aimi/ws_00000/Negin/RETOUCH/img_dataset2/RETOUCH-TrainingSet-Topcon/IRF/TRAIN050_56.png
34,/storage/workspaces/artorg_aimi/ws_00000/Negin/RETOUCH/img_dataset2/RETOUCH-TrainingSet-Topcon/imgs_IRF/TRAIN051_84.png,/storage/workspaces/artorg_aimi/ws_00000/Negin/RETOUCH/img_dataset2/RETOUCH-TrainingSet-Topcon/IRF/TRAIN051_84.png
35,/storage/workspaces/artorg_aimi/ws_00000/Negin/RETOUCH/img_dataset2/RETOUCH-TrainingSet-Topcon/imgs_IRF/TRAIN050_60.png,/storage/workspaces/artorg_aimi/ws_00000/Negin/RETOUCH/img_dataset2/RETOUCH-TrainingSet-Topcon/IRF/TRAIN050_60.png
36,/storage/workspaces/artorg_aimi/ws_00000/Negin/RETOUCH/img_dataset2/RETOUCH-TrainingSet-Topcon/imgs_IRF/TRAIN051_86.png,/storage/workspaces/artorg_aimi/ws_00000/Negin/RETOUCH/img_dataset2/RETOUCH-TrainingSet-Topcon/IRF/TRAIN051_86.png
37,/storage/workspaces/artorg_aimi/ws_00000/Negin/RETOUCH/img_dataset2/RETOUCH-TrainingSet-Topcon/imgs_IRF/TRAIN051_59.png,/storage/workspaces/artorg_aimi/ws_00000/Negin/RETOUCH/img_dataset2/RETOUCH-TrainingSet-Topcon/IRF/TRAIN051_59.png
38,/storage/workspaces/artorg_aimi/ws_00000/Negin/RETOUCH/img_dataset2/RETOUCH-TrainingSet-Topcon/imgs_IRF/TRAIN050_66.png,/storage/workspaces/artorg_aimi/ws_00000/Negin/RETOUCH/img_dataset2/RETOUCH-TrainingSet-Topcon/IRF/TRAIN050_66.png
39,/storage/workspaces/artorg_aimi/ws_00000/Negin/RETOUCH/img_dataset2/RETOUCH-TrainingSet-Topcon/imgs_IRF/TRAIN052_86.png,/storage/workspaces/artorg_aimi/ws_00000/Negin/RETOUCH/img_dataset2/RETOUCH-TrainingSet-Topcon/IRF/TRAIN052_86.png
40,/storage/workspaces/artorg_aimi/ws_00000/Negin/RETOUCH/img_dataset2/RETOUCH-TrainingSet-Topcon/imgs_IRF/TRAIN052_78.png,/storage/workspaces/artorg_aimi/ws_00000/Negin/RETOUCH/img_dataset2/RETOUCH-TrainingSet-Topcon/IRF/TRAIN052_78.png
41,/storage/workspaces/artorg_aimi/ws_00000/Negin/RETOUCH/img_dataset2/RETOUCH-TrainingSet-Topcon/imgs_IRF/TRAIN050_69.png,/storage/workspaces/artorg_aimi/ws_00000/Negin/RETOUCH/img_dataset2/RETOUCH-TrainingSet-Topcon/IRF/TRAIN050_69.png
42,/storage/workspaces/artorg_aimi/ws_00000/Negin/RETOUCH/img_dataset2/RETOUCH-TrainingSet-Topcon/imgs_IRF/TRAIN051_45.png,/storage/workspaces/artorg_aimi/ws_00000/Negin/RETOUCH/img_dataset2/RETOUCH-TrainingSet-Topcon/IRF/TRAIN051_45.png
43,/storage/workspaces/artorg_aimi/ws_00000/Negin/RETOUCH/img_dataset2/RETOUCH-TrainingSet-Topcon/imgs_IRF/TRAIN052_63.png,/storage/workspaces/artorg_aimi/ws_00000/Negin/RETOUCH/img_dataset2/RETOUCH-TrainingSet-Topcon/IRF/TRAIN052_63.png
44,/storage/workspaces/artorg_aimi/ws_00000/Negin/RETOUCH/img_dataset2/RETOUCH-TrainingSet-Topcon/imgs_IRF/TRAIN052_83.png,/storage/workspaces/artorg_aimi/ws_00000/Negin/RETOUCH/img_dataset2/RETOUCH-TrainingSet-Topcon/IRF/TRAIN052_83.png
45,/storage/workspaces/artorg_aimi/ws_00000/Negin/RETOUCH/img_dataset2/RETOUCH-TrainingSet-Topcon/imgs_IRF/TRAIN051_87.png,/storage/workspaces/artorg_aimi/ws_00000/Negin/RETOUCH/img_dataset2/RETOUCH-TrainingSet-Topcon/IRF/TRAIN051_87.png
46,/storage/workspaces/artorg_aimi/ws_00000/Negin/RETOUCH/img_dataset2/RETOUCH-TrainingSet-Topcon/imgs_IRF/TRAIN052_68.png,/storage/workspaces/artorg_aimi/ws_00000/Negin/RETOUCH/img_dataset2/RETOUCH-TrainingSet-Topcon/IRF/TRAIN052_68.png
47,/storage/workspaces/artorg_aimi/ws_00000/Negin/RETOUCH/img_dataset2/RETOUCH-TrainingSet-Topcon/imgs_IRF/TRAIN052_85.png,/storage/workspaces/artorg_aimi/ws_00000/Negin/RETOUCH/img_dataset2/RETOUCH-TrainingSet-Topcon/IRF/TRAIN052_85.png
48,/storage/workspaces/artorg_aimi/ws_00000/Negin/RETOUCH/img_dataset2/RETOUCH-TrainingSet-Topcon/imgs_IRF/TRAIN050_72.png,/storage/workspaces/artorg_aimi/ws_00000/Negin/RETOUCH/img_dataset2/RETOUCH-TrainingSet-Topcon/IRF/TRAIN050_72.png
49,/storage/workspaces/artorg_aimi/ws_00000/Negin/RETOUCH/img_dataset2/RETOUCH-TrainingSet-Topcon/imgs_IRF/TRAIN051_89.png,/storage/workspaces/artorg_aimi/ws_00000/Negin/RETOUCH/img_dataset2/RETOUCH-TrainingSet-Topcon/IRF/TRAIN051_89.png
50,/storage/workspaces/artorg_aimi/ws_00000/Negin/RETOUCH/img_dataset2/RETOUCH-TrainingSet-Topcon/imgs_IRF/TRAIN051_79.png,/storage/workspaces/artorg_aimi/ws_00000/Negin/RETOUCH/img_dataset2/RETOUCH-TrainingSet-Topcon/IRF/TRAIN051_79.png
51,/storage/workspaces/artorg_aimi/ws_00000/Negin/RETOUCH/img_dataset2/RETOUCH-TrainingSet-Topcon/imgs_IRF/TRAIN050_48.png,/storage/workspaces/artorg_aimi/ws_00000/Negin/RETOUCH/img_dataset2/RETOUCH-TrainingSet-Topcon/IRF/TRAIN050_48.png
52,/storage/workspaces/artorg_aimi/ws_00000/Negin/RETOUCH/img_dataset2/RETOUCH-TrainingSet-Topcon/imgs_IRF/TRAIN050_65.png,/storage/workspaces/artorg_aimi/ws_00000/Negin/RETOUCH/img_dataset2/RETOUCH-TrainingSet-Topcon/IRF/TRAIN050_65.png
53,/storage/workspaces/artorg_aimi/ws_00000/Negin/RETOUCH/img_dataset2/RETOUCH-TrainingSet-Topcon/imgs_IRF/TRAIN050_78.png,/storage/workspaces/artorg_aimi/ws_00000/Negin/RETOUCH/img_dataset2/RETOUCH-TrainingSet-Topcon/IRF/TRAIN050_78.png
54,/storage/workspaces/artorg_aimi/ws_00000/Negin/RETOUCH/img_dataset2/RETOUCH-TrainingSet-Topcon/imgs_IRF/TRAIN052_67.png,/storage/workspaces/artorg_aimi/ws_00000/Negin/RETOUCH/img_dataset2/RETOUCH-TrainingSet-Topcon/IRF/TRAIN052_67.png
55,/storage/workspaces/artorg_aimi/ws_00000/Negin/RETOUCH/img_dataset2/RETOUCH-TrainingSet-Topcon/imgs_IRF/TRAIN050_50.png,/storage/workspaces/artorg_aimi/ws_00000/Negin/RETOUCH/img_dataset2/RETOUCH-TrainingSet-Topcon/IRF/TRAIN050_50.png
56,/storage/workspaces/artorg_aimi/ws_00000/Negin/RETOUCH/img_dataset2/RETOUCH-TrainingSet-Topcon/imgs_IRF/TRAIN051_71.png,/storage/workspaces/artorg_aimi/ws_00000/Negin/RETOUCH/img_dataset2/RETOUCH-TrainingSet-Topcon/IRF/TRAIN051_71.png
57,/storage/workspaces/artorg_aimi/ws_00000/Negin/RETOUCH/img_dataset2/RETOUCH-TrainingSet-Topcon/imgs_IRF/TRAIN050_71.png,/storage/workspaces/artorg_aimi/ws_00000/Negin/RETOUCH/img_dataset2/RETOUCH-TrainingSet-Topcon/IRF/TRAIN050_71.png
58,/storage/workspaces/artorg_aimi/ws_00000/Negin/RETOUCH/img_dataset2/RETOUCH-TrainingSet-Topcon/imgs_IRF/TRAIN050_67.png,/storage/workspaces/artorg_aimi/ws_00000/Negin/RETOUCH/img_dataset2/RETOUCH-TrainingSet-Topcon/IRF/TRAIN050_67.png
59,/storage/workspaces/artorg_aimi/ws_00000/Negin/RETOUCH/img_dataset2/RETOUCH-TrainingSet-Topcon/imgs_IRF/TRAIN051_85.png,/storage/workspaces/artorg_aimi/ws_00000/Negin/RETOUCH/img_dataset2/RETOUCH-TrainingSet-Topcon/IRF/TRAIN051_85.png
60,/storage/workspaces/artorg_aimi/ws_00000/Negin/RETOUCH/img_dataset2/RETOUCH-TrainingSet-Topcon/imgs_IRF/TRAIN051_58.png,/storage/workspaces/artorg_aimi/ws_00000/Negin/RETOUCH/img_dataset2/RETOUCH-TrainingSet-Topcon/IRF/TRAIN051_58.png
61,/storage/workspaces/artorg_aimi/ws_00000/Negin/RETOUCH/img_dataset2/RETOUCH-TrainingSet-Topcon/imgs_IRF/TRAIN052_70.png,/storage/workspaces/artorg_aimi/ws_00000/Negin/RETOUCH/img_dataset2/RETOUCH-TrainingSet-Topcon/IRF/TRAIN052_70.png
62,/storage/workspaces/artorg_aimi/ws_00000/Negin/RETOUCH/img_dataset2/RETOUCH-TrainingSet-Topcon/imgs_IRF/TRAIN051_92.png,/storage/workspaces/artorg_aimi/ws_00000/Negin/RETOUCH/img_dataset2/RETOUCH-TrainingSet-Topcon/IRF/TRAIN051_92.png
63,/storage/workspaces/artorg_aimi/ws_00000/Negin/RETOUCH/img_dataset2/RETOUCH-TrainingSet-Topcon/imgs_IRF/TRAIN050_52.png,/storage/workspaces/artorg_aimi/ws_00000/Negin/RETOUCH/img_dataset2/RETOUCH-TrainingSet-Topcon/IRF/TRAIN050_52.png
64,/storage/workspaces/artorg_aimi/ws_00000/Negin/RETOUCH/img_dataset2/RETOUCH-TrainingSet-Topcon/imgs_IRF/TRAIN051_57.png,/storage/workspaces/artorg_aimi/ws_00000/Negin/RETOUCH/img_dataset2/RETOUCH-TrainingSet-Topcon/IRF/TRAIN051_57.png
65,/storage/workspaces/artorg_aimi/ws_00000/Negin/RETOUCH/img_dataset2/RETOUCH-TrainingSet-Topcon/imgs_IRF/TRAIN052_71.png,/storage/workspaces/artorg_aimi/ws_00000/Negin/RETOUCH/img_dataset2/RETOUCH-TrainingSet-Topcon/IRF/TRAIN052_71.png
66,/storage/workspaces/artorg_aimi/ws_00000/Negin/RETOUCH/img_dataset2/RETOUCH-TrainingSet-Topcon/imgs_IRF/TRAIN050_70.png,/storage/workspaces/artorg_aimi/ws_00000/Negin/RETOUCH/img_dataset2/RETOUCH-TrainingSet-Topcon/IRF/TRAIN050_70.png
67,/storage/workspaces/artorg_aimi/ws_00000/Negin/RETOUCH/img_dataset2/RETOUCH-TrainingSet-Topcon/imgs_IRF/TRAIN050_77.png,/storage/workspaces/artorg_aimi/ws_00000/Negin/RETOUCH/img_dataset2/RETOUCH-TrainingSet-Topcon/IRF/TRAIN050_77.png
68,/storage/workspaces/artorg_aimi/ws_00000/Negin/RETOUCH/img_dataset2/RETOUCH-TrainingSet-Topcon/imgs_IRF/TRAIN052_80.png,/storage/workspaces/artorg_aimi/ws_00000/Negin/RETOUCH/img_dataset2/RETOUCH-TrainingSet-Topcon/IRF/TRAIN052_80.png
69,/storage/workspaces/artorg_aimi/ws_00000/Negin/RETOUCH/img_dataset2/RETOUCH-TrainingSet-Topcon/imgs_IRF/TRAIN052_69.png,/storage/workspaces/artorg_aimi/ws_00000/Negin/RETOUCH/img_dataset2/RETOUCH-TrainingSet-Topcon/IRF/TRAIN052_69.png
70,/storage/workspaces/artorg_aimi/ws_00000/Negin/RETOUCH/img_dataset2/RETOUCH-TrainingSet-Topcon/imgs_IRF/TRAIN051_82.png,/storage/workspaces/artorg_aimi/ws_00000/Negin/RETOUCH/img_dataset2/RETOUCH-TrainingSet-Topcon/IRF/TRAIN051_82.png
71,/storage/workspaces/artorg_aimi/ws_00000/Negin/RETOUCH/img_dataset2/RETOUCH-TrainingSet-Topcon/imgs_IRF/TRAIN052_72.png,/storage/workspaces/artorg_aimi/ws_00000/Negin/RETOUCH/img_dataset2/RETOUCH-TrainingSet-Topcon/IRF/TRAIN052_72.png
72,/storage/workspaces/artorg_aimi/ws_00000/Negin/RETOUCH/img_dataset2/RETOUCH-TrainingSet-Topcon/imgs_IRF/TRAIN051_74.png,/storage/workspaces/artorg_aimi/ws_00000/Negin/RETOUCH/img_dataset2/RETOUCH-TrainingSet-Topcon/IRF/TRAIN051_74.png
73,/storage/workspaces/artorg_aimi/ws_00000/Negin/RETOUCH/img_dataset2/RETOUCH-TrainingSet-Topcon/imgs_IRF/TRAIN051_56.png,/storage/workspaces/artorg_aimi/ws_00000/Negin/RETOUCH/img_dataset2/RETOUCH-TrainingSet-Topcon/IRF/TRAIN051_56.png
74,/storage/workspaces/artorg_aimi/ws_00000/Negin/RETOUCH/img_dataset2/RETOUCH-TrainingSet-Topcon/imgs_IRF/TRAIN052_91.png,/storage/workspaces/artorg_aimi/ws_00000/Negin/RETOUCH/img_dataset2/RETOUCH-TrainingSet-Topcon/IRF/TRAIN052_91.png
75,/storage/workspaces/artorg_aimi/ws_00000/Negin/RETOUCH/img_dataset2/RETOUCH-TrainingSet-Topcon/imgs_IRF/TRAIN050_57.png,/storage/workspaces/artorg_aimi/ws_00000/Negin/RETOUCH/img_dataset2/RETOUCH-TrainingSet-Topcon/IRF/TRAIN050_57.png
76,/storage/workspaces/artorg_aimi/ws_00000/Negin/RETOUCH/img_dataset2/RETOUCH-TrainingSet-Topcon/imgs_IRF/TRAIN052_81.png,/storage/workspaces/artorg_aimi/ws_00000/Negin/RETOUCH/img_dataset2/RETOUCH-TrainingSet-Topcon/IRF/TRAIN052_81.png
77,/storage/workspaces/artorg_aimi/ws_00000/Negin/RETOUCH/img_dataset2/RETOUCH-TrainingSet-Topcon/imgs_IRF/TRAIN050_51.png,/storage/workspaces/artorg_aimi/ws_00000/Negin/RETOUCH/img_dataset2/RETOUCH-TrainingSet-Topcon/IRF/TRAIN050_51.png
78,/storage/workspaces/artorg_aimi/ws_00000/Negin/RETOUCH/img_dataset2/RETOUCH-TrainingSet-Topcon/imgs_IRF/TRAIN051_47.png,/storage/workspaces/artorg_aimi/ws_00000/Negin/RETOUCH/img_dataset2/RETOUCH-TrainingSet-Topcon/IRF/TRAIN051_47.png
79,/storage/workspaces/artorg_aimi/ws_00000/Negin/RETOUCH/img_dataset2/RETOUCH-TrainingSet-Topcon/imgs_IRF/TRAIN050_38.png,/storage/workspaces/artorg_aimi/ws_00000/Negin/RETOUCH/img_dataset2/RETOUCH-TrainingSet-Topcon/IRF/TRAIN050_38.png
80,/storage/workspaces/artorg_aimi/ws_00000/Negin/RETOUCH/img_dataset2/RETOUCH-TrainingSet-Topcon/imgs_IRF/TRAIN050_61.png,/storage/workspaces/artorg_aimi/ws_00000/Negin/RETOUCH/img_dataset2/RETOUCH-TrainingSet-Topcon/IRF/TRAIN050_61.png
81,/storage/workspaces/artorg_aimi/ws_00000/Negin/RETOUCH/img_dataset2/RETOUCH-TrainingSet-Topcon/imgs_IRF/TRAIN052_74.png,/storage/workspaces/artorg_aimi/ws_00000/Negin/RETOUCH/img_dataset2/RETOUCH-TrainingSet-Topcon/IRF/TRAIN052_74.png
82,/storage/workspaces/artorg_aimi/ws_00000/Negin/RETOUCH/img_dataset2/RETOUCH-TrainingSet-Topcon/imgs_IRF/TRAIN051_76.png,/storage/workspaces/artorg_aimi/ws_00000/Negin/RETOUCH/img_dataset2/RETOUCH-TrainingSet-Topcon/IRF/TRAIN051_76.png
83,/storage/workspaces/artorg_aimi/ws_00000/Negin/RETOUCH/img_dataset2/RETOUCH-TrainingSet-Topcon/imgs_IRF/TRAIN050_49.png,/storage/workspaces/artorg_aimi/ws_00000/Negin/RETOUCH/img_dataset2/RETOUCH-TrainingSet-Topcon/IRF/TRAIN050_49.png
84,/storage/workspaces/artorg_aimi/ws_00000/Negin/RETOUCH/img_dataset2/RETOUCH-TrainingSet-Topcon/imgs_IRF/TRAIN052_77.png,/storage/workspaces/artorg_aimi/ws_00000/Negin/RETOUCH/img_dataset2/RETOUCH-TrainingSet-Topcon/IRF/TRAIN052_77.png
85,/storage/workspaces/artorg_aimi/ws_00000/Negin/RETOUCH/img_dataset2/RETOUCH-TrainingSet-Topcon/imgs_IRF/TRAIN050_39.png,/storage/workspaces/artorg_aimi/ws_00000/Negin/RETOUCH/img_dataset2/RETOUCH-TrainingSet-Topcon/IRF/TRAIN050_39.png
86,/storage/workspaces/artorg_aimi/ws_00000/Negin/RETOUCH/img_dataset2/RETOUCH-TrainingSet-Topcon/imgs_IRF/TRAIN052_66.png,/storage/workspaces/artorg_aimi/ws_00000/Negin/RETOUCH/img_dataset2/RETOUCH-TrainingSet-Topcon/IRF/TRAIN052_66.png
87,/storage/workspaces/artorg_aimi/ws_00000/Negin/RETOUCH/img_dataset2/RETOUCH-TrainingSet-Topcon/imgs_IRF/TRAIN050_58.png,/storage/workspaces/artorg_aimi/ws_00000/Negin/RETOUCH/img_dataset2/RETOUCH-TrainingSet-Topcon/IRF/TRAIN050_58.png
88,/storage/workspaces/artorg_aimi/ws_00000/Negin/RETOUCH/img_dataset2/RETOUCH-TrainingSet-Topcon/imgs_IRF/TRAIN052_75.png,/storage/workspaces/artorg_aimi/ws_00000/Negin/RETOUCH/img_dataset2/RETOUCH-TrainingSet-Topcon/IRF/TRAIN052_75.png
89,/storage/workspaces/artorg_aimi/ws_00000/Negin/RETOUCH/img_dataset2/RETOUCH-TrainingSet-Topcon/imgs_IRF/TRAIN050_79.png,/storage/workspaces/artorg_aimi/ws_00000/Negin/RETOUCH/img_dataset2/RETOUCH-TrainingSet-Topcon/IRF/TRAIN050_79.png
90,/storage/workspaces/artorg_aimi/ws_00000/Negin/RETOUCH/img_dataset2/RETOUCH-TrainingSet-Topcon/imgs_IRF/TRAIN051_70.png,/storage/workspaces/artorg_aimi/ws_00000/Negin/RETOUCH/img_dataset2/RETOUCH-TrainingSet-Topcon/IRF/TRAIN051_70.png
91,/storage/workspaces/artorg_aimi/ws_00000/Negin/RETOUCH/img_dataset2/RETOUCH-TrainingSet-Topcon/imgs_IRF/TRAIN050_80.png,/storage/workspaces/artorg_aimi/ws_00000/Negin/RETOUCH/img_dataset2/RETOUCH-TrainingSet-Topcon/IRF/TRAIN050_80.png
92,/storage/workspaces/artorg_aimi/ws_00000/Negin/RETOUCH/img_dataset2/RETOUCH-TrainingSet-Topcon/imgs_IRF/TRAIN051_52.png,/storage/workspaces/artorg_aimi/ws_00000/Negin/RETOUCH/img_dataset2/RETOUCH-TrainingSet-Topcon/IRF/TRAIN051_52.png
93,/storage/workspaces/artorg_aimi/ws_00000/Negin/RETOUCH/img_dataset2/RETOUCH-TrainingSet-Topcon/imgs_IRF/TRAIN050_53.png,/storage/workspaces/artorg_aimi/ws_00000/Negin/RETOUCH/img_dataset2/RETOUCH-TrainingSet-Topcon/IRF/TRAIN050_53.png
94,/storage/workspaces/artorg_aimi/ws_00000/Negin/RETOUCH/img_dataset2/RETOUCH-TrainingSet-Topcon/imgs_IRF/TRAIN052_87.png,/storage/workspaces/artorg_aimi/ws_00000/Negin/RETOUCH/img_dataset2/RETOUCH-TrainingSet-Topcon/IRF/TRAIN052_87.png
95,/storage/workspaces/artorg_aimi/ws_00000/Negin/RETOUCH/img_dataset2/RETOUCH-TrainingSet-Topcon/imgs_IRF/TRAIN051_69.png,/storage/workspaces/artorg_aimi/ws_00000/Negin/RETOUCH/img_dataset2/RETOUCH-TrainingSet-Topcon/IRF/TRAIN051_69.png
96,/storage/workspaces/artorg_aimi/ws_00000/Negin/RETOUCH/img_dataset2/RETOUCH-TrainingSet-Topcon/imgs_IRF/TRAIN050_55.png,/storage/workspaces/artorg_aimi/ws_00000/Negin/RETOUCH/img_dataset2/RETOUCH-TrainingSet-Topcon/IRF/TRAIN050_55.png
97,/storage/workspaces/artorg_aimi/ws_00000/Negin/RETOUCH/img_dataset2/RETOUCH-TrainingSet-Topcon/imgs_IRF/TRAIN050_46.png,/storage/workspaces/artorg_aimi/ws_00000/Negin/RETOUCH/img_dataset2/RETOUCH-TrainingSet-Topcon/IRF/TRAIN050_46.png
98,/storage/workspaces/artorg_aimi/ws_00000/Negin/RETOUCH/img_dataset2/RETOUCH-TrainingSet-Topcon/imgs_IRF/TRAIN051_61.png,/storage/workspaces/artorg_aimi/ws_00000/Negin/RETOUCH/img_dataset2/RETOUCH-TrainingSet-Topcon/IRF/TRAIN051_61.png
99,/storage/workspaces/artorg_aimi/ws_00000/Negin/RETOUCH/img_dataset2/RETOUCH-TrainingSet-Topcon/imgs_IRF/TRAIN051_81.png,/storage/workspaces/artorg_aimi/ws_00000/Negin/RETOUCH/img_dataset2/RETOUCH-TrainingSet-Topcon/IRF/TRAIN051_81.png
100,/storage/workspaces/artorg_aimi/ws_00000/Negin/RETOUCH/img_dataset2/RETOUCH-TrainingSet-Topcon/imgs_IRF/TRAIN051_50.png,/storage/workspaces/artorg_aimi/ws_00000/Negin/RETOUCH/img_dataset2/RETOUCH-TrainingSet-Topcon/IRF/TRAIN051_50.png
101,/storage/workspaces/artorg_aimi/ws_00000/Negin/RETOUCH/img_dataset2/RETOUCH-TrainingSet-Topcon/imgs_IRF/TRAIN051_80.png,/storage/workspaces/artorg_aimi/ws_00000/Negin/RETOUCH/img_dataset2/RETOUCH-TrainingSet-Topcon/IRF/TRAIN051_80.png
102,/storage/workspaces/artorg_aimi/ws_00000/Negin/RETOUCH/img_dataset2/RETOUCH-TrainingSet-Topcon/imgs_IRF/TRAIN050_73.png,/storage/workspaces/artorg_aimi/ws_00000/Negin/RETOUCH/img_dataset2/RETOUCH-TrainingSet-Topcon/IRF/TRAIN050_73.png
103,/storage/workspaces/artorg_aimi/ws_00000/Negin/RETOUCH/img_dataset2/RETOUCH-TrainingSet-Topcon/imgs_IRF/TRAIN051_48.png,/storage/workspaces/artorg_aimi/ws_00000/Negin/RETOUCH/img_dataset2/RETOUCH-TrainingSet-Topcon/IRF/TRAIN051_48.png
104,/storage/workspaces/artorg_aimi/ws_00000/Negin/RETOUCH/img_dataset2/RETOUCH-TrainingSet-Topcon/imgs_IRF/TRAIN051_72.png,/storage/workspaces/artorg_aimi/ws_00000/Negin/RETOUCH/img_dataset2/RETOUCH-TrainingSet-Topcon/IRF/TRAIN051_72.png
105,/storage/workspaces/artorg_aimi/ws_00000/Negin/RETOUCH/img_dataset2/RETOUCH-TrainingSet-Topcon/imgs_IRF/TRAIN051_73.png,/storage/workspaces/artorg_aimi/ws_00000/Negin/RETOUCH/img_dataset2/RETOUCH-TrainingSet-Topcon/IRF/TRAIN051_73.png
106,/storage/workspaces/artorg_aimi/ws_00000/Negin/RETOUCH/img_dataset2/RETOUCH-TrainingSet-Topcon/imgs_IRF/TRAIN051_55.png,/storage/workspaces/artorg_aimi/ws_00000/Negin/RETOUCH/img_dataset2/RETOUCH-TrainingSet-Topcon/IRF/TRAIN051_55.png
107,/storage/workspaces/artorg_aimi/ws_00000/Negin/RETOUCH/img_dataset2/RETOUCH-TrainingSet-Topcon/imgs_IRF/TRAIN051_60.png,/storage/workspaces/artorg_aimi/ws_00000/Negin/RETOUCH/img_dataset2/RETOUCH-TrainingSet-Topcon/IRF/TRAIN051_60.png
108,/storage/workspaces/artorg_aimi/ws_00000/Negin/RETOUCH/img_dataset2/RETOUCH-TrainingSet-Topcon/imgs_IRF/TRAIN051_83.png,/storage/workspaces/artorg_aimi/ws_00000/Negin/RETOUCH/img_dataset2/RETOUCH-TrainingSet-Topcon/IRF/TRAIN051_83.png
109,/storage/workspaces/artorg_aimi/ws_00000/Negin/RETOUCH/img_dataset2/RETOUCH-TrainingSet-Topcon/imgs_IRF/TRAIN051_46.png,/storage/workspaces/artorg_aimi/ws_00000/Negin/RETOUCH/img_dataset2/RETOUCH-TrainingSet-Topcon/IRF/TRAIN051_46.png
110,/storage/workspaces/artorg_aimi/ws_00000/Negin/RETOUCH/img_dataset2/RETOUCH-TrainingSet-Topcon/imgs_IRF/TRAIN052_82.png,/storage/workspaces/artorg_aimi/ws_00000/Negin/RETOUCH/img_dataset2/RETOUCH-TrainingSet-Topcon/IRF/TRAIN052_82.png
111,/storage/workspaces/artorg_aimi/ws_00000/Negin/RETOUCH/img_dataset2/RETOUCH-TrainingSet-Topcon/imgs_IRF/TRAIN051_78.png,/storage/workspaces/artorg_aimi/ws_00000/Negin/RETOUCH/img_dataset2/RETOUCH-TrainingSet-Topcon/IRF/TRAIN051_78.png
112,/storage/workspaces/artorg_aimi/ws_00000/Negin/RETOUCH/img_dataset2/RETOUCH-TrainingSet-Topcon/imgs_IRF/TRAIN051_88.png,/storage/workspaces/artorg_aimi/ws_00000/Negin/RETOUCH/img_dataset2/RETOUCH-TrainingSet-Topcon/IRF/TRAIN051_88.png
113,/storage/workspaces/artorg_aimi/ws_00000/Negin/RETOUCH/img_dataset2/RETOUCH-TrainingSet-Topcon/imgs_IRF/TRAIN050_59.png,/storage/workspaces/artorg_aimi/ws_00000/Negin/RETOUCH/img_dataset2/RETOUCH-TrainingSet-Topcon/IRF/TRAIN050_59.png
